Revenue,Expenses,Predicted Profit
700000,500000,260934.54009682173
750000,550000,237851.68034799688
800000,600000,214768.82059917215
850000,620000,185861.92380551458
900000,670000,162779.06405668973
